{
  "RAG w/ Judge / hotpotqa": {
    "total": 500,
    "mean_cr": 0.978,
    "mean_f1": 0.727760312,
    "mean_em": 0.568,
    "cr_f1_gap": 0.25023968799999996,
    "cr_em_mean": 0.41164658634538154,
    "cr1_count": 480,
    "cr1_pct": 96.0,
    "cr1_mean_f1": 0.7360300875,
    "cr1_mean_em": 0.575,
    "f1_dist": {
      "=1.0": 280,
      "0.8-1.0": 26,
      "0.5-0.8": 71,
      "0.2-0.5": 23,
      "<0.2": 80
    },
    "gap_em_count": 204,
    "gap_em_pct": 40.8,
    "f1_high": 101,
    "f1_mid": 23,
    "f1_low": 80,
    "cannot_answer": 34,
    "zero_overlap": 64,
    "pearson_r": 0.07282658480379205,
    "binned_stats": {
      "0.0-0.2": {
        "count": 0,
        "mean_f1": 0,
        "median_f1": 0,
        "std_f1": 0,
        "f1=1.0_pct": 0
      },
      "0.2-0.4": {
        "count": 0,
        "mean_f1": 0,
        "median_f1": 0,
        "std_f1": 0,
        "f1=1.0_pct": 0
      },
      "0.4-0.6": {
        "count": 18,
        "mean_f1": 0.5880952222222223,
        "median_f1": 0.9,
        "std_f1": 0.4562056470122214,
        "f1=1.0_pct": 50.0
      },
      "0.6-0.8": {
        "count": 0,
        "mean_f1": 0,
        "median_f1": 0,
        "std_f1": 0,
        "f1=1.0_pct": 0
      },
      "0.8-1.0": {
        "count": 0,
        "mean_f1": 0,
        "median_f1": 0,
        "std_f1": 0,
        "f1=1.0_pct": 0
      },
      "1.0": {
        "count": 480,
        "mean_f1": 0.7360300875,
        "median_f1": 1.0,
        "std_f1": 0.37489713192270696,
        "f1=1.0_pct": 58.333333333333336
      }
    }
  },
  "RAG w/ Judge / 2wikimultihopqa": {
    "total": 500,
    "mean_cr": 0.989,
    "mean_f1": 0.730412286,
    "mean_em": 0.646,
    "cr_f1_gap": 0.258587714,
    "cr_em_mean": 0.343687374749499,
    "cr1_count": 490,
    "cr1_pct": 98.0,
    "cr1_mean_f1": 0.7426655979591837,
    "cr1_mean_em": 0.6591836734693878,
    "f1_dist": {
      "=1.0": 324,
      "0.8-1.0": 14,
      "0.5-0.8": 41,
      "0.2-0.5": 7,
      "<0.2": 104
    },
    "gap_em_count": 167,
    "gap_em_pct": 33.4,
    "f1_high": 56,
    "f1_mid": 7,
    "f1_low": 104,
    "cannot_answer": 63,
    "zero_overlap": 104,
    "pearson_r": 0.19354257603054567,
    "binned_stats": {
      "0.0-0.2": {
        "count": 0,
        "mean_f1": 0,
        "median_f1": 0,
        "std_f1": 0,
        "f1=1.0_pct": 0
      },
      "0.2-0.4": {
        "count": 0,
        "mean_f1": 0,
        "median_f1": 0,
        "std_f1": 0,
        "f1=1.0_pct": 0
      },
      "0.4-0.6": {
        "count": 9,
        "mean_f1": 0.14444444444444446,
        "median_f1": 0.0,
        "std_f1": 0.2793290019994786,
        "f1=1.0_pct": 0.0
      },
      "0.6-0.8": {
        "count": 0,
        "mean_f1": 0,
        "median_f1": 0,
        "std_f1": 0,
        "f1=1.0_pct": 0
      },
      "0.8-1.0": {
        "count": 0,
        "mean_f1": 0,
        "median_f1": 0,
        "std_f1": 0,
        "f1=1.0_pct": 0
      },
      "1.0": {
        "count": 490,
        "mean_f1": 0.7426655979591837,
        "median_f1": 1.0,
        "std_f1": 0.4054912275380793,
        "f1=1.0_pct": 66.12244897959184
      }
    }
  },
  "RAG w/ Judge / musique": {
    "total": 500,
    "mean_cr": 0.8943333333333334,
    "mean_f1": 0.47213849599999996,
    "mean_em": 0.366,
    "cr_f1_gap": 0.42219483733333346,
    "cr_em_mean": 0.5315224681421864,
    "cr1_count": 378,
    "cr1_pct": 75.6,
    "cr1_mean_f1": 0.5439575211640212,
    "cr1_mean_em": 0.4312169312169312,
    "f1_dist": {
      "=1.0": 169,
      "0.8-1.0": 19,
      "0.5-0.8": 29,
      "0.2-0.5": 10,
      "<0.2": 151
    },
    "gap_em_count": 215,
    "gap_em_pct": 43.0,
    "f1_high": 54,
    "f1_mid": 10,
    "f1_low": 151,
    "cannot_answer": 106,
    "zero_overlap": 122,
    "pearson_r": 0.22056143802553543,
    "binned_stats": {
      "0.0-0.2": {
        "count": 1,
        "mean_f1": 0.0,
        "median_f1": 0.0,
        "std_f1": 0.0,
        "f1=1.0_pct": 0.0
      },
      "0.2-0.4": {
        "count": 16,
        "mean_f1": 0.5625,
        "median_f1": 1.0,
        "std_f1": 0.49607837082461076,
        "f1=1.0_pct": 56.25
      },
      "0.4-0.6": {
        "count": 39,
        "mean_f1": 0.16607982051282053,
        "median_f1": 0.0,
        "std_f1": 0.3170942611338854,
        "f1=1.0_pct": 7.6923076923076925
      },
      "0.6-0.8": {
        "count": 63,
        "mean_f1": 0.2377173333333333,
        "median_f1": 0.0,
        "std_f1": 0.3815559530860821,
        "f1=1.0_pct": 14.285714285714285
      },
      "0.8-1.0": {
        "count": 0,
        "mean_f1": 0,
        "median_f1": 0,
        "std_f1": 0,
        "f1=1.0_pct": 0
      },
      "1.0": {
        "count": 378,
        "mean_f1": 0.5439575211640212,
        "median_f1": 0.75,
        "std_f1": 0.4651772920590575,
        "f1=1.0_pct": 44.70899470899471
      }
    }
  },
  "Agentic RAG / hotpotqa": {
    "total": 500,
    "mean_cr": 0.99,
    "mean_f1": 0.738454166,
    "mean_em": 0.59,
    "cr_f1_gap": 0.25154583399999997,
    "cr_em_mean": 0.40080160320641284,
    "cr1_count": 491,
    "cr1_pct": 98.2,
    "cr1_mean_f1": 0.7473347637474542,
    "cr1_mean_em": 0.5967413441955194,
    "f1_dist": {
      "=1.0": 299,
      "0.8-1.0": 26,
      "0.5-0.8": 61,
      "0.2-0.5": 25,
      "<0.2": 80
    },
    "gap_em_count": 198,
    "gap_em_pct": 39.6,
    "f1_high": 93,
    "f1_mid": 25,
    "f1_low": 80,
    "cannot_answer": 36,
    "zero_overlap": 73,
    "pearson_r": 0.1526642051135652,
    "binned_stats": {
      "0.0-0.2": {
        "count": 0,
        "mean_f1": 0,
        "median_f1": 0,
        "std_f1": 0,
        "f1=1.0_pct": 0
      },
      "0.2-0.4": {
        "count": 0,
        "mean_f1": 0,
        "median_f1": 0,
        "std_f1": 0,
        "f1=1.0_pct": 0
      },
      "0.4-0.6": {
        "count": 8,
        "mean_f1": 0.28571425,
        "median_f1": 0.0,
        "std_f1": 0.42257712736426883,
        "f1=1.0_pct": 25.0
      },
      "0.6-0.8": {
        "count": 0,
        "mean_f1": 0,
        "median_f1": 0,
        "std_f1": 0,
        "f1=1.0_pct": 0
      },
      "0.8-1.0": {
        "count": 0,
        "mean_f1": 0,
        "median_f1": 0,
        "std_f1": 0,
        "f1=1.0_pct": 0
      },
      "1.0": {
        "count": 491,
        "mean_f1": 0.7473347637474542,
        "median_f1": 1.0,
        "std_f1": 0.3745099401188138,
        "f1=1.0_pct": 60.896130346232184
      }
    }
  },
  "Agentic RAG / 2wikimultihopqa": {
    "total": 500,
    "mean_cr": 0.9975,
    "mean_f1": 0.7616538460000001,
    "mean_em": 0.678,
    "cr_f1_gap": 0.23584615399999997,
    "cr_em_mean": 0.3195,
    "cr1_count": 497,
    "cr1_pct": 99.4,
    "cr1_mean_f1": 0.7662513541247484,
    "cr1_mean_em": 0.682092555331992,
    "f1_dist": {
      "=1.0": 341,
      "0.8-1.0": 13,
      "0.5-0.8": 44,
      "0.2-0.5": 4,
      "<0.2": 95
    },
    "gap_em_count": 158,
    "gap_em_pct": 31.6,
    "f1_high": 59,
    "f1_mid": 4,
    "f1_low": 95,
    "cannot_answer": 54,
    "zero_overlap": 93,
    "pearson_r": 0.1441381389839963,
    "binned_stats": {
      "0.0-0.2": {
        "count": 0,
        "mean_f1": 0,
        "median_f1": 0,
        "std_f1": 0,
        "f1=1.0_pct": 0
      },
      "0.2-0.4": {
        "count": 0,
        "mean_f1": 0,
        "median_f1": 0,
        "std_f1": 0,
        "f1=1.0_pct": 0
      },
      "0.4-0.6": {
        "count": 2,
        "mean_f1": 0.0,
        "median_f1": 0.0,
        "std_f1": 0.0,
        "f1=1.0_pct": 0.0
      },
      "0.6-0.8": {
        "count": 1,
        "mean_f1": 0.0,
        "median_f1": 0.0,
        "std_f1": 0.0,
        "f1=1.0_pct": 0.0
      },
      "0.8-1.0": {
        "count": 0,
        "mean_f1": 0,
        "median_f1": 0,
        "std_f1": 0,
        "f1=1.0_pct": 0
      },
      "1.0": {
        "count": 497,
        "mean_f1": 0.7662513541247484,
        "median_f1": 1.0,
        "std_f1": 0.39167781897775933,